Marker	Array	SNPnumber	Category	Description	Alleles
AV 001 008_90	Array 3_1381922519	SNP01	1	Samples Avo 7 and 14 are 'in valide' because of air bubbles	AG
AV 009 201_79	Array 3_1381922519	SNP02	3	Scattered	CT
AV 017 061_24	Array 3_1381922519	SNP03	1		AC
AV 025 053_48	Array 3_1381922519	SNP04	4	 High NTC,   NC	CT
AV 033 005_70	Array 3_1381922519	SNP05	1		AT
AV 041 023_04	Array 3_1381922519	SNP06	1		GT
AV 049 283_15	Array 3_1381922519	SNP07	1		AG
AV 057 210_87	Array 3_1381922519	SNP08	1		AG
AV 065 016_56	Array 3_1381922519	SNP09	3	Densed clusters	CT
AV 073 268_04	Array 3_1381922519	SNP10	1		AG
AV 081 109_35	Array 3_1381922519	SNP11	1		AC
AV 089 019_91	Array 3_1381922519	SNP12	1		CT
AV 002 190_39	Array 3_1381922519	SNP13	1		AG
AV 010 191_97	Array 3_1381922519	SNP14	1		CT
AV 018 090_57	Array 3_1381922519	SNP15	1		GT
AV 026 322_61	Array 3_1381922519	SNP16	1		GT
AV 034 128_77	Array 3_1381922519	SNP17	4	NC-High NTC,   few clusters	AC
AV 042 050_09	Array 3_1381922519	SNP18	1		CT
AV 050 274_71	Array 3_1381922519	SNP19	1		CG
AV 058 213_34	Array 3_1381922519	SNP20	1		CT
AV 066 010_77	Array 3_1381922519	SNP21	1		AG
AV 074 058_32	Array 3_1381922519	SNP22	1		CT
AV 082 245_09	Array 3_1381922519	SNP23	1		AG
AV 090 086_95	Array 3_1381922519	SNP24	1		CG
AV 003 301_10	Array 3_1381922519	SNP25	1		CT
AV 011 221_46	Array 3_1381922519	SNP26	1		CG
AV 019 169_91	Array 3_1381922519	SNP27	1		AT
AV 027 260_80	Array 3_1381922519	SNP28	1		AG
AV 035 120_52	Array 3_1381922519	SNP29	1		GT
AV 043 190_27	Array 3_1381922519	SNP30	3	4 clusters?	AG
AV 051 041_39	Array 3_1381922519	SNP31	2	Scattered	AT
AV 059 067_67	Array 3_1381922519	SNP32	3	Densed and closed clusters	GT
AV 067 295_62	Array 3_1381922519	SNP33	1		CT
AV 075 249_60	Array 3_1381922519	SNP34	2	Scattered	GT
AV 083 038_82	Array 3_1381922519	SNP35	1		CT
AV 091 010_42	Array 3_1381922519	SNP36	3	4 clusters?	AC
AV 004 005_36	Array 3_1381922519	SNP37	1		CT
AV 012 267_37	Array 3_1381922519	SNP38	1		CT
AV 020 178_35	Array 3_1381922519	SNP39	2	Scattered	AG
AV 028 160_68	Array 3_1381922519	SNP40	3	Could be 2 clusters	AG
AV 036 325_58	Array 3_1381922519	SNP41	1		AG
AV 044 018_37	Array 3_1381922519	SNP42	1		CG
AV 052 119_14	Array 3_1381922519	SNP43	3	Scattered	AC
AV 060 257_23	Array 3_1381922519	SNP44	3		AG
AV 068 250_20	Array 3_1381922519	SNP45	1		CG
AV 076 300_83	Array 3_1381922519	SNP46	2	Scattered	CT
AV 084 100_14	Array 3_1381922519	SNP47	1		CG
AV 092 200_00	Array 3_1381922519	SNP48	2	Scattered	AT
AV 005 099_40	Array 3_1381922519	SNP49	1		AG
AV 013 142_36	Array 3_1381922519	SNP50	1		CT
AV 021 248_80	Array 3_1381922519	SNP51	1	Many NC	AT
AV 029 269_83	Array 3_1381922519	SNP52	1		AC
AV 037 041_66	Array 3_1381922519	SNP53	1		CT
AV 045 186_36	Array 3_1381922519	SNP54	1		AC
AV 053 271_23	Array 3_1381922519	SNP55	1		GT
AV 061 086_27	Array 3_1381922519	SNP56	2	Scattered	AC
AV 069 254_79	Array 3_1381922519	SNP57	1		AG
AV 077 105_50	Array 3_1381922519	SNP58	1		AG
AV 085 296_80	Array 3_1381922519	SNP59	3	Scattered	AT
AV 093 265_99	Array 3_1381922519	SNP60	1		AG
AV 006 064_88	Array 3_1381922519	SNP61	1		AG
AV 014 152_22	Array 3_1381922519	SNP62	1		CG
AV 022 106_62	Array 3_1381922519	SNP63	3	Scattered	AG
AV 030 261_34	Array 3_1381922519	SNP64	1		AG
AV 038 262_46	Array 3_1381922519	SNP65	1		AT
AV 046 204_24	Array 3_1381922519	SNP66	1		AT
AV 054 048_97	Array 3_1381922519	SNP67	1		AC
AV 062 046_06	Array 3_1381922519	SNP68	3	Scattered	AG
AV 070 274_44	Array 3_1381922519	SNP69	1		CT
AV 078 076_17	Array 3_1381922519	SNP70	1		AT
AV 086 113_96	Array 3_1381922519	SNP71	1		GT
AV 094 136_68	Array 3_1381922519	SNP72	2	Closed	CT
AV 007 095_46	Array 3_1381922519	SNP73	2	Scattered	AG
AV 015 086_19	Array 3_1381922519	SNP74	1		AT
AV 023 028_58	Array 3_1381922519	SNP75	1		AT
AV 031 324_13	Array 3_1381922519	SNP76	1		CT
AV 039 003_97	Array 3_1381922519	SNP77	1		CG
AV 047 286_32	Array 3_1381922519	SNP78	3	High NTC,   changed manually	GT
AV 055 245_80	Array 3_1381922519	SNP79	1		CG
AV 063 155_94	Array 3_1381922519	SNP80	1		CG
AV 071 162_41	Array 3_1381922519	SNP81	1		AG
AV 079 099_50	Array 3_1381922519	SNP82	1		CG
AV 087 055_34	Array 3_1381922519	SNP83	1		AC
AV 095 074_99	Array 3_1381922519	SNP84	1		CG
AV 008 115_95	Array 3_1381922519	SNP85	1		CT
AV 016 024_99	Array 3_1381922519	SNP86	1		GT
AV 024 157_50	Array 3_1381922519	SNP87	1		CG
AV 032 296_26	Array 3_1381922519	SNP88	1		CG
AV 040 019_48	Array 3_1381922519	SNP89	1		AC
AV 048 205_56	Array 3_1381922519	SNP90	1		CT
AV 056 246_46	Array 3_1381922519	SNP91	2	Scattered	CT
AV 064 311_55	Array 3_1381922519	SNP92	4	No PCR	AG
AV 072 036_23	Array 3_1381922519	SNP93	1		CG
AV 080 197_74	Array 3_1381922519	SNP94	2	Scattered	GT
AV 088 277_95	Array 3_1381922519	SNP95	1		AG
AV 096 086_60	Array 3_1381922519	SNP96	1		AT
AV 097 257_42	Array 4_1381937341	SNP01	2	Scattered, Samples Avo 25 is 'in valide' because of air bubble	GT
AV 105 253_48	Array 4_1381937341	SNP02	2	Dense and Scattered	CT
AV 113 144_82	Array 4_1381937341	SNP03	4	NC-High NTC, Scatterted	GT
AV 121 031_57	Array 4_1381937341	SNP04	1		AT
AV 129 031_17	Array 4_1381937341	SNP05	1		AC
AV 137 334_64	Array 4_1381937341	SNP06	4	NC	GT
AV 145 105_93	Array 4_1381937341	SNP07	4	High NTC	AG
AV 153 086_81	Array 4_1381937341	SNP08	3	2 Dense clusters	AT
AV 161 269_32	Array 4_1381937341	SNP09	4	Dense	GT
AV 169 254_87	Array 4_1381937341	SNP10	1		AG
AV 177 036_66	Array 4_1381937341	SNP11	1		AT
AV 185 074_51	Array 4_1381937341	SNP12	4	High NTC,  Scatterted	CG
AV 098 105_09	Array 4_1381937341	SNP13	1		CT
AV 106 132_50	Array 4_1381937341	SNP14	2	Scattered	CG
AV 114 003_23	Array 4_1381937341	SNP15	1		AT
AV 122 146_48	Array 4_1381937341	SNP16	1		CT
AV 130 007_93	Array 4_1381937341	SNP17	2	Scattered,  4 clusters?	CT
AV 138 156_42	Array 4_1381937341	SNP18	2	Dense	CG
AV 146 072_75	Array 4_1381937341	SNP19	1		CT
AV 154 039_74	Array 4_1381937341	SNP20	2	Not clear	AC
AV 162 007_19	Array 4_1381937341	SNP21	4	NC-Scattered	CG
AV 170 006_85	Array 4_1381937341	SNP22	1		CT
AV 178 007_14	Array 4_1381937341	SNP23	1		GT
AV 186 051_74	Array 4_1381937341	SNP24	1	May be 2?	AG
AV 099 002_67	Array 4_1381937341	SNP25	2	Scattered	GT
AV 107 214_11	Array 4_1381937341	SNP26	1		GT
AV 115 327_54	Array 4_1381937341	SNP27	3	Scattered,  may be 4 clusters	AC
AV 123 005_22	Array 4_1381937341	SNP28	1		AG
AV 131 258_13	Array 4_1381937341	SNP29	4	High NTC	GT
AV 139 119_95	Array 4_1381937341	SNP30	1		AC
AV 147 020_46	Array 4_1381937341	SNP31	1		AC
AV 155 051_50	Array 4_1381937341	SNP32	4	High NTC	GT
AV 163 111_27	Array 4_1381937341	SNP33	2	Dense	AG
AV 171 293_17	Array 4_1381937341	SNP34	1		AC
AV 179 186_22	Array 4_1381937341	SNP35	2	Scattered	CG
AV 187 132_25	Array 4_1381937341	SNP36	4	Dense	CT
AV 100 001_72	Array 4_1381937341	SNP37	1		AG
AV 108 249_68	Array 4_1381937341	SNP38	1		AC
AV 116 229_97	Array 4_1381937341	SNP39	1		CT
AV 124 003_48	Array 4_1381937341	SNP40	3		GT
AV 132 000_81	Array 4_1381937341	SNP41	3	Scattered	AT
AV 140 171_17	Array 4_1381937341	SNP42	4	High NTC,  changed manually	AG
AV 148 011_64	Array 4_1381937341	SNP43	2	Scattered	AT
AV 156 051_38	Array 4_1381937341	SNP44	3	Dense	CG
AV 164 309_13	Array 4_1381937341	SNP45	4	Dense,  Scattered	CT
AV 172 203_58	Array 4_1381937341	SNP46	3	Scattered	AT
AV 180 002_27	Array 4_1381937341	SNP47	3	Dense	AG
AV 188 021_32	Array 4_1381937341	SNP48	1		AC
AV 101 088_32	Array 4_1381937341	SNP49	1		AC
AV 109 298_72	Array 4_1381937341	SNP50	2	Scattered	AT
AV 117 271_99	Array 4_1381937341	SNP51	3	4 clusters,  High NTC	AG
AV 125 228_65	Array 4_1381937341	SNP52	1		AC
AV 133 001_30	Array 4_1381937341	SNP53	4	Scattered,  Dense	AC
AV 141 023_32	Array 4_1381937341	SNP54	1		CT
AV 149 054_86	Array 4_1381937341	SNP55	1		GT
AV 157 147_57	Array 4_1381937341	SNP56	3	Not clear	AG
AV 165 068_79	Array 4_1381937341	SNP57	1		AC
AV 173 059_96	Array 4_1381937341	SNP58	4	Dense	GT
AV 181 321_98	Array 4_1381937341	SNP59	1		CT
AV 189 009_47	Array 4_1381937341	SNP60	4	Scattered	AT
AV 102 077_63	Array 4_1381937341	SNP61	1		CG
AV 110 060_24	Array 4_1381937341	SNP62	4	High NTC,  changed manually	AG
AV 118 304_15	Array 4_1381937341	SNP63	1		CG
AV 126 279_19	Array 4_1381937341	SNP64	3	Dense	AT
AV 134 063_71	Array 4_1381937341	SNP65	1		AG
AV 142 055_90	Array 4_1381937341	SNP66	1		AT
AV 150 001_02	Array 4_1381937341	SNP67	1		CG
AV 158 324_70	Array 4_1381937341	SNP68	3	May be 3?	CT
AV 166 149_06	Array 4_1381937341	SNP69	2		AT
AV 174 009_90	Array 4_1381937341	SNP70	1		CG
AV 182 021_13	Array 4_1381937341	SNP71	1		AC
AV 190 049_47	Array 4_1381937341	SNP72	1		GT
AV 103 131_12	Array 4_1381937341	SNP73	1		AT
AV 111 009_88	Array 4_1381937341	SNP74	1		CT
AV 119 284_57	Array 4_1381937341	SNP75	4	Scattered	GT
AV 127 303_27	Array 4_1381937341	SNP76	3	Dense	CG
AV 135 095_17	Array 4_1381937341	SNP77	4	High NTC	CT
AV 143 050_84	Array 4_1381937341	SNP78	4	Dense	GT
AV 151 194_01	Array 4_1381937341	SNP79	4	Dense	AG
AV 159 011_33	Array 4_1381937341	SNP80	4	Dense	AT
AV 167 054_69	Array 4_1381937341	SNP81	1		GT
AV 175 114_13	Array 4_1381937341	SNP82	1		AG
AV 183 254_73	Array 4_1381937341	SNP83	1		AT
AV 191 179_97	Array 4_1381937341	SNP84	1		CG
AV 104 247_80	Array 4_1381937341	SNP85	2	Many clusters	AG
AV 112 015_03	Array 4_1381937341	SNP86	2		CG
AV 120 082_77	Array 4_1381937341	SNP87	3		AC
AV 128 110_03	Array 4_1381937341	SNP88	4	Scattered	AG
AV 136 041_28	Array 4_1381937341	SNP89	1		AT
AV 144 194_86	Array 4_1381937341	SNP90	1		CG
AV 152 004_34	Array 4_1381937341	SNP91	1		CT
AV 160 018_60	Array 4_1381937341	SNP92	1		AC
AV 168 156_25	Array 4_1381937341	SNP93	3	Scattered	CG
AV 176 064_06	Array 4_1381937341	SNP94	1		CT
AV 184 130_78	Array 4_1381937341	SNP95	4	Scattered	GT
AV 192 109_11	Array 4_1381937341	SNP96	4	Dense	AG
